dish_id,merchant_id,dish_name,unit_price,stock,sale_status,created_at,updated_at
DSH000001,USR000001,招牌番茄牛肉饭,22.00,36,ON_SALE,2026-02-15 08:20:00,2026-09-20 08:00:00
DSH000002,USR000001,香煎鸡肉能量碗,24.00,12,ON_SALE,2026-02-15 08:23:00,2026-09-19 08:00:00
DSH000003,USR000001,青椒肉丝盖饭,18.00,7,ON_SALE,2026-02-15 08:26:00,2026-09-18 08:00:00
DSH000004,USR000001,菌菇豆腐饭,16.00,0,ON_SALE,2026-02-15 08:29:00,2026-09-17 08:00:00
DSH000005,USR000001,紫菜蛋花汤,5.00,42,ON_SALE,2026-02-15 08:32:00,2026-09-16 08:00:00
DSH000006,USR000001,凉拌黄瓜,8.00,9,ON_SALE,2026-02-15 08:35:00,2026-09-20 08:00:00
DSH000007,USR000001,清爽柠檬茶,7.00,28,ON_SALE,2026-02-15 08:38:00,2026-09-19 08:00:00
DSH000008,USR000001,脆皮鸡块,13.00,18,OFF_SALE,2026-02-15 08:41:00,2026-09-18 08:00:00
DSH000009,USR000002,菌菇鸡腿饭,21.00,25,ON_SALE,2026-02-16 08:20:00,2026-09-19 08:00:00
DSH000010,USR000002,黑椒鸡排饭,23.00,11,ON_SALE,2026-02-16 08:23:00,2026-09-18 08:00:00
DSH000011,USR000002,麻酱拌面,17.00,6,ON_SALE,2026-02-16 08:26:00,2026-09-17 08:00:00
DSH000012,USR000002,鲜虾蔬菜卷,19.00,0,ON_SALE,2026-02-16 08:29:00,2026-09-16 08:00:00
DSH000013,USR000002,鲜蔬豆腐汤,8.00,31,ON_SALE,2026-02-16 08:32:00,2026-09-20 08:00:00
DSH000014,USR000002,桂花米糕,6.00,5,ON_SALE,2026-02-16 08:35:00,2026-09-19 08:00:00
DSH000015,USR000002,乌梅饮,7.00,22,ON_SALE,2026-02-16 08:38:00,2026-09-18 08:00:00
DSH000016,USR000002,香葱肉饼,10.00,14,OFF_SALE,2026-02-16 08:41:00,2026-09-17 08:00:00
DSH000017,USR000003,土豆烧牛腩饭,25.00,33,ON_SALE,2026-02-17 08:20:00,2026-09-18 08:00:00
DSH000018,USR000003,宫保鸡丁饭,19.00,13,ON_SALE,2026-02-17 08:23:00,2026-09-17 08:00:00
DSH000019,USR000003,南瓜杂粮饭,15.00,8,ON_SALE,2026-02-17 08:26:00,2026-09-16 08:00:00
DSH000020,USR000003,玉米鸡蛋炒饭,14.00,0,ON_SALE,2026-02-17 08:29:00,2026-09-20 08:00:00
DSH000021,USR000003,冬瓜丸子汤,9.00,26,ON_SALE,2026-02-17 08:32:00,2026-09-19 08:00:00
DSH000022,USR000003,蒜香西兰花,7.00,4,ON_SALE,2026-02-17 08:35:00,2026-09-18 08:00:00
DSH000023,USR000003,红豆豆乳,9.00,19,ON_SALE,2026-02-17 08:38:00,2026-09-17 08:00:00
DSH000024,USR000003,酱香卤蛋,3.00,30,OFF_SALE,2026-02-17 08:41:00,2026-09-16 08:00:00
DSH000025,USR000004,照烧鸡胸轻食碗,26.00,29,ON_SALE,2026-02-18 08:20:00,2026-09-17 08:00:00
DSH000026,USR000004,金枪鱼全麦三明治,20.00,10,ON_SALE,2026-02-18 08:23:00,2026-09-16 08:00:00
DSH000027,USR000004,南瓜藜麦沙拉,18.00,6,ON_SALE,2026-02-18 08:26:00,2026-09-20 08:00:00
DSH000028,USR000004,鲜果酸奶杯,12.00,0,ON_SALE,2026-02-18 08:29:00,2026-09-19 08:00:00
DSH000029,USR000004,玉米浓汤,9.00,21,ON_SALE,2026-02-18 08:32:00,2026-09-18 08:00:00
DSH000030,USR000004,烤时蔬拼盘,11.00,3,ON_SALE,2026-02-18 08:35:00,2026-09-17 08:00:00
DSH000031,USR000004,无糖茉莉茶,6.00,38,ON_SALE,2026-02-18 08:38:00,2026-09-16 08:00:00
DSH000032,USR000004,燕麦能量棒,8.00,16,OFF_SALE,2026-02-18 08:41:00,2026-09-20 08:00:00
DSH000033,USR000005,红烧牛腩面,24.00,27,ON_SALE,2026-02-19 08:20:00,2026-09-16 08:00:00
DSH000034,USR000005,番茄鸡蛋面,16.00,14,ON_SALE,2026-02-19 08:23:00,2026-09-20 08:00:00
DSH000035,USR000005,麻辣拌面,18.00,7,ON_SALE,2026-02-19 08:26:00,2026-09-19 08:00:00
DSH000036,USR000005,香菇鸡丝粥,13.00,0,ON_SALE,2026-02-19 08:29:00,2026-09-18 08:00:00
DSH000037,USR000005,海带豆腐汤,7.00,24,ON_SALE,2026-02-19 08:32:00,2026-09-17 08:00:00
DSH000038,USR000005,煎蛋,3.00,5,ON_SALE,2026-02-19 08:35:00,2026-09-16 08:00:00
DSH000039,USR000005,冰柠檬水,6.00,35,ON_SALE,2026-02-19 08:38:00,2026-09-20 08:00:00
DSH000040,USR000005,葱油花卷,4.00,20,OFF_SALE,2026-02-19 08:41:00,2026-09-19 08:00:00
