order_item_id,order_id,dish_id,dish_name,quantity,unit_price,subtotal
ITM000001,ORD000001,DSH000033,红烧牛腩面,2,24.00,48.00
ITM000002,ORD000001,DSH000038,煎蛋,1,3.00,3.00
ITM000003,ORD000002,DSH000019,南瓜杂粮饭,1,15.00,15.00
ITM000004,ORD000002,DSH000022,蒜香西兰花,1,7.00,7.00
ITM000005,ORD000003,DSH000007,清爽柠檬茶,1,7.00,7.00
ITM000006,ORD000003,DSH000002,香煎鸡肉能量碗,1,24.00,24.00
ITM000007,ORD000004,DSH000025,照烧鸡胸轻食碗,1,26.00,26.00
ITM000008,ORD000004,DSH000032,燕麦能量棒,1,8.00,8.00
ITM000009,ORD000005,DSH000003,青椒肉丝盖饭,1,18.00,18.00
ITM000010,ORD000005,DSH000001,招牌番茄牛肉饭,1,22.00,22.00
ITM000011,ORD000006,DSH000031,无糖茉莉茶,1,6.00,6.00
ITM000012,ORD000007,DSH000009,菌菇鸡腿饭,1,21.00,21.00
ITM000013,ORD000007,DSH000010,黑椒鸡排饭,1,23.00,23.00
ITM000014,ORD000008,DSH000035,麻辣拌面,1,18.00,18.00
ITM000015,ORD000008,DSH000040,葱油花卷,1,4.00,4.00
ITM000016,ORD000009,DSH000015,乌梅饮,1,7.00,7.00
ITM000017,ORD000009,DSH000009,菌菇鸡腿饭,1,21.00,21.00
ITM000018,ORD000010,DSH000033,红烧牛腩面,1,24.00,24.00
ITM000019,ORD000010,DSH000038,煎蛋,1,3.00,3.00
ITM000020,ORD000010,DSH000039,冰柠檬水,1,6.00,6.00
ITM000021,ORD000011,DSH000019,南瓜杂粮饭,1,15.00,15.00
ITM000022,ORD000012,DSH000008,脆皮鸡块,2,13.00,26.00
ITM000023,ORD000012,DSH000001,招牌番茄牛肉饭,1,22.00,22.00
ITM000024,ORD000013,DSH000017,土豆烧牛腩饭,1,25.00,25.00
ITM000025,ORD000013,DSH000018,宫保鸡丁饭,1,19.00,19.00
ITM000026,ORD000014,DSH000003,青椒肉丝盖饭,1,18.00,18.00
ITM000027,ORD000014,DSH000006,凉拌黄瓜,1,8.00,8.00
ITM000028,ORD000015,DSH000032,燕麦能量棒,1,8.00,8.00
ITM000029,ORD000015,DSH000026,金枪鱼全麦三明治,1,20.00,20.00
ITM000030,ORD000016,DSH000010,黑椒鸡排饭,1,23.00,23.00
ITM000031,ORD000017,DSH000027,南瓜藜麦沙拉,1,18.00,18.00
ITM000032,ORD000017,DSH000025,照烧鸡胸轻食碗,1,26.00,26.00
ITM000033,ORD000018,DSH000016,香葱肉饼,1,10.00,10.00
ITM000034,ORD000018,DSH000014,桂花米糕,1,6.00,6.00
ITM000035,ORD000019,DSH000034,番茄鸡蛋面,1,16.00,16.00
ITM000036,ORD000019,DSH000035,麻辣拌面,1,18.00,18.00
ITM000037,ORD000019,DSH000040,葱油花卷,1,4.00,4.00
ITM000038,ORD000020,DSH000020,玉米鸡蛋炒饭,1,14.00,14.00
ITM000039,ORD000020,DSH000024,酱香卤蛋,1,3.00,3.00
ITM000040,ORD000021,DSH000040,葱油花卷,1,4.00,4.00
ITM000041,ORD000022,DSH000018,宫保鸡丁饭,1,19.00,19.00
ITM000042,ORD000022,DSH000022,蒜香西兰花,1,7.00,7.00
ITM000043,ORD000023,DSH000004,菌菇豆腐饭,2,16.00,32.00
ITM000044,ORD000023,DSH000002,香煎鸡肉能量碗,1,24.00,24.00
ITM000045,ORD000024,DSH000025,照烧鸡胸轻食碗,1,26.00,26.00
ITM000046,ORD000024,DSH000032,燕麦能量棒,1,8.00,8.00
ITM000047,ORD000025,DSH000002,香煎鸡肉能量碗,1,24.00,24.00
ITM000048,ORD000025,DSH000001,招牌番茄牛肉饭,1,22.00,22.00
ITM000049,ORD000026,DSH000028,鲜果酸奶杯,1,12.00,12.00
ITM000050,ORD000027,DSH000009,菌菇鸡腿饭,1,21.00,21.00
ITM000051,ORD000027,DSH000010,黑椒鸡排饭,1,23.00,23.00
ITM000052,ORD000028,DSH000034,番茄鸡蛋面,1,16.00,16.00
ITM000053,ORD000028,DSH000040,葱油花卷,1,4.00,4.00
ITM000054,ORD000028,DSH000033,红烧牛腩面,1,24.00,24.00
ITM000055,ORD000029,DSH000012,鲜虾蔬菜卷,1,19.00,19.00
ITM000056,ORD000029,DSH000009,菌菇鸡腿饭,1,21.00,21.00
ITM000057,ORD000030,DSH000033,红烧牛腩面,1,24.00,24.00
ITM000058,ORD000030,DSH000038,煎蛋,1,3.00,3.00
ITM000059,ORD000031,DSH000018,宫保鸡丁饭,1,19.00,19.00
ITM000060,ORD000032,DSH000005,紫菜蛋花汤,1,5.00,5.00
ITM000061,ORD000032,DSH000008,脆皮鸡块,1,13.00,13.00
ITM000062,ORD000033,DSH000017,土豆烧牛腩饭,1,25.00,25.00
ITM000063,ORD000033,DSH000018,宫保鸡丁饭,1,19.00,19.00
ITM000064,ORD000034,DSH000002,香煎鸡肉能量碗,2,24.00,48.00
ITM000065,ORD000034,DSH000006,凉拌黄瓜,1,8.00,8.00
ITM000066,ORD000035,DSH000029,玉米浓汤,1,9.00,9.00
ITM000067,ORD000035,DSH000026,金枪鱼全麦三明治,1,20.00,20.00
ITM000068,ORD000036,DSH000009,菌菇鸡腿饭,1,21.00,21.00
ITM000069,ORD000037,DSH000026,金枪鱼全麦三明治,1,20.00,20.00
ITM000070,ORD000037,DSH000025,照烧鸡胸轻食碗,1,26.00,26.00
ITM000071,ORD000037,DSH000027,南瓜藜麦沙拉,1,18.00,18.00
ITM000072,ORD000038,DSH000013,鲜蔬豆腐汤,1,8.00,8.00
ITM000073,ORD000038,DSH000014,桂花米糕,1,6.00,6.00
ITM000074,ORD000039,DSH000033,红烧牛腩面,1,24.00,24.00
ITM000075,ORD000039,DSH000034,番茄鸡蛋面,1,16.00,16.00
ITM000076,ORD000040,DSH000018,宫保鸡丁饭,1,19.00,19.00
ITM000077,ORD000040,DSH000024,酱香卤蛋,1,3.00,3.00
ITM000078,ORD000041,DSH000037,海带豆腐汤,1,7.00,7.00
ITM000079,ORD000042,DSH000017,土豆烧牛腩饭,1,25.00,25.00
ITM000080,ORD000042,DSH000022,蒜香西兰花,1,7.00,7.00
ITM000081,ORD000043,DSH000002,香煎鸡肉能量碗,1,24.00,24.00
ITM000082,ORD000043,DSH000003,青椒肉丝盖饭,1,18.00,18.00
ITM000083,ORD000044,DSH000030,烤时蔬拼盘,1,11.00,11.00
ITM000084,ORD000044,DSH000032,燕麦能量棒,1,8.00,8.00
ITM000085,ORD000045,DSH000001,招牌番茄牛肉饭,2,22.00,44.00
ITM000086,ORD000045,DSH000002,香煎鸡肉能量碗,1,24.00,24.00
ITM000087,ORD000046,DSH000026,金枪鱼全麦三明治,1,20.00,20.00
ITM000088,ORD000046,DSH000027,南瓜藜麦沙拉,1,18.00,18.00
ITM000089,ORD000047,DSH000014,桂花米糕,1,6.00,6.00
ITM000090,ORD000047,DSH000010,黑椒鸡排饭,1,23.00,23.00
ITM000091,ORD000048,DSH000033,红烧牛腩面,1,24.00,24.00
ITM000092,ORD000048,DSH000040,葱油花卷,1,4.00,4.00
ITM000093,ORD000049,DSH000010,黑椒鸡排饭,1,23.00,23.00
ITM000094,ORD000049,DSH000009,菌菇鸡腿饭,1,21.00,21.00
ITM000095,ORD000050,DSH000038,煎蛋,1,3.00,3.00
ITM000096,ORD000050,DSH000039,冰柠檬水,1,6.00,6.00
ITM000097,ORD000051,DSH000017,土豆烧牛腩饭,1,25.00,25.00
ITM000098,ORD000052,DSH000003,青椒肉丝盖饭,1,18.00,18.00
ITM000099,ORD000052,DSH000008,脆皮鸡块,1,13.00,13.00
ITM000100,ORD000053,DSH000022,蒜香西兰花,1,7.00,7.00
ITM000101,ORD000053,DSH000017,土豆烧牛腩饭,1,25.00,25.00
ITM000102,ORD000054,DSH000001,招牌番茄牛肉饭,1,22.00,22.00
ITM000103,ORD000054,DSH000006,凉拌黄瓜,1,8.00,8.00
ITM000104,ORD000055,DSH000027,南瓜藜麦沙拉,1,18.00,18.00
ITM000105,ORD000055,DSH000026,金枪鱼全麦三明治,1,20.00,20.00
ITM000106,ORD000055,DSH000028,鲜果酸奶杯,1,12.00,12.00
ITM000107,ORD000056,DSH000015,乌梅饮,2,7.00,14.00
ITM000108,ORD000057,DSH000025,照烧鸡胸轻食碗,1,26.00,26.00
ITM000109,ORD000057,DSH000026,金枪鱼全麦三明治,1,20.00,20.00
ITM000110,ORD000058,DSH000011,麻酱拌面,1,17.00,17.00
ITM000111,ORD000058,DSH000014,桂花米糕,1,6.00,6.00
ITM000112,ORD000059,DSH000039,冰柠檬水,1,6.00,6.00
ITM000113,ORD000059,DSH000034,番茄鸡蛋面,1,16.00,16.00
ITM000114,ORD000060,DSH000017,土豆烧牛腩饭,1,25.00,25.00
ITM000115,ORD000060,DSH000024,酱香卤蛋,1,3.00,3.00
ITM000116,ORD000061,DSH000035,麻辣拌面,1,18.00,18.00
ITM000117,ORD000062,DSH000023,红豆豆乳,1,9.00,9.00
ITM000118,ORD000062,DSH000022,蒜香西兰花,1,7.00,7.00
ITM000119,ORD000063,DSH000001,招牌番茄牛肉饭,1,22.00,22.00
ITM000120,ORD000063,DSH000002,香煎鸡肉能量碗,1,24.00,24.00
ITM000121,ORD000064,DSH000027,南瓜藜麦沙拉,1,18.00,18.00
ITM000122,ORD000064,DSH000032,燕麦能量棒,1,8.00,8.00
ITM000123,ORD000064,DSH000029,玉米浓汤,1,9.00,9.00
ITM000124,ORD000065,DSH000007,清爽柠檬茶,1,7.00,7.00
ITM000125,ORD000065,DSH000001,招牌番茄牛肉饭,1,22.00,22.00
ITM000126,ORD000066,DSH000025,照烧鸡胸轻食碗,1,26.00,26.00
ITM000127,ORD000067,DSH000011,麻酱拌面,2,17.00,34.00
ITM000128,ORD000067,DSH000010,黑椒鸡排饭,1,23.00,23.00
ITM000129,ORD000068,DSH000040,葱油花卷,1,4.00,4.00
ITM000130,ORD000068,DSH000033,红烧牛腩面,1,24.00,24.00
ITM000131,ORD000069,DSH000009,菌菇鸡腿饭,1,21.00,21.00
ITM000132,ORD000069,DSH000010,黑椒鸡排饭,1,23.00,23.00
ITM000133,ORD000070,DSH000035,麻辣拌面,1,18.00,18.00
ITM000134,ORD000070,DSH000038,煎蛋,1,3.00,3.00
ITM000135,ORD000071,DSH000024,酱香卤蛋,1,3.00,3.00
ITM000136,ORD000072,DSH000002,香煎鸡肉能量碗,1,24.00,24.00
ITM000137,ORD000072,DSH000008,脆皮鸡块,1,13.00,13.00
ITM000138,ORD000073,DSH000019,南瓜杂粮饭,1,15.00,15.00
ITM000139,ORD000073,DSH000017,土豆烧牛腩饭,1,25.00,25.00
ITM000140,ORD000073,DSH000022,蒜香西兰花,1,7.00,7.00
ITM000141,ORD000074,DSH000008,脆皮鸡块,1,13.00,13.00
ITM000142,ORD000074,DSH000006,凉拌黄瓜,1,8.00,8.00
ITM000143,ORD000075,DSH000026,金枪鱼全麦三明治,1,20.00,20.00
ITM000144,ORD000075,DSH000027,南瓜藜麦沙拉,1,18.00,18.00
ITM000145,ORD000076,DSH000012,鲜虾蔬菜卷,1,19.00,19.00
ITM000146,ORD000077,DSH000032,燕麦能量棒,1,8.00,8.00
ITM000147,ORD000077,DSH000025,照烧鸡胸轻食碗,1,26.00,26.00
ITM000148,ORD000078,DSH000010,黑椒鸡排饭,2,23.00,46.00
ITM000149,ORD000078,DSH000014,桂花米糕,1,6.00,6.00
ITM000150,ORD000079,DSH000036,香菇鸡丝粥,1,13.00,13.00
ITM000151,ORD000079,DSH000034,番茄鸡蛋面,1,16.00,16.00
ITM000152,ORD000080,DSH000017,土豆烧牛腩饭,1,25.00,25.00
ITM000153,ORD000080,DSH000024,酱香卤蛋,1,3.00,3.00
ITM000154,ORD000081,DSH000034,番茄鸡蛋面,1,16.00,16.00
ITM000155,ORD000082,DSH000020,玉米鸡蛋炒饭,1,14.00,14.00
ITM000156,ORD000082,DSH000022,蒜香西兰花,1,7.00,7.00
ITM000157,ORD000082,DSH000023,红豆豆乳,1,9.00,9.00
ITM000158,ORD000083,DSH000001,招牌番茄牛肉饭,1,22.00,22.00
ITM000159,ORD000083,DSH000002,香煎鸡肉能量碗,1,24.00,24.00
ITM000160,ORD000084,DSH000026,金枪鱼全麦三明治,1,20.00,20.00
ITM000161,ORD000084,DSH000032,燕麦能量棒,1,8.00,8.00
ITM000162,ORD000085,DSH000004,菌菇豆腐饭,1,16.00,16.00
ITM000163,ORD000085,DSH000001,招牌番茄牛肉饭,1,22.00,22.00
ITM000164,ORD000086,DSH000025,照烧鸡胸轻食碗,1,26.00,26.00
ITM000165,ORD000087,DSH000010,黑椒鸡排饭,1,23.00,23.00
ITM000166,ORD000087,DSH000011,麻酱拌面,1,17.00,17.00
ITM000167,ORD000088,DSH000037,海带豆腐汤,1,7.00,7.00
ITM000168,ORD000088,DSH000040,葱油花卷,1,4.00,4.00
ITM000169,ORD000089,DSH000009,菌菇鸡腿饭,2,21.00,42.00
ITM000170,ORD000089,DSH000010,黑椒鸡排饭,1,23.00,23.00
ITM000171,ORD000090,DSH000034,番茄鸡蛋面,1,16.00,16.00
ITM000172,ORD000090,DSH000038,煎蛋,1,3.00,3.00
ITM000173,ORD000091,DSH000021,冬瓜丸子汤,1,9.00,9.00
ITM000174,ORD000091,DSH000024,酱香卤蛋,1,3.00,3.00
ITM000175,ORD000092,DSH000001,招牌番茄牛肉饭,1,22.00,22.00
ITM000176,ORD000092,DSH000008,脆皮鸡块,1,13.00,13.00
ITM000177,ORD000093,DSH000018,宫保鸡丁饭,1,19.00,19.00
ITM000178,ORD000093,DSH000017,土豆烧牛腩饭,1,25.00,25.00
ITM000179,ORD000094,DSH000005,紫菜蛋花汤,1,5.00,5.00
ITM000180,ORD000094,DSH000006,凉拌黄瓜,1,8.00,8.00
ITM000181,ORD000095,DSH000025,照烧鸡胸轻食碗,1,26.00,26.00
ITM000182,ORD000095,DSH000026,金枪鱼全麦三明治,1,20.00,20.00
ITM000183,ORD000096,DSH000010,黑椒鸡排饭,1,23.00,23.00
ITM000184,ORD000097,DSH000029,玉米浓汤,1,9.00,9.00
ITM000185,ORD000097,DSH000025,照烧鸡胸轻食碗,1,26.00,26.00
ITM000186,ORD000098,DSH000009,菌菇鸡腿饭,1,21.00,21.00
ITM000187,ORD000098,DSH000014,桂花米糕,1,6.00,6.00
ITM000188,ORD000099,DSH000034,番茄鸡蛋面,1,16.00,16.00
ITM000189,ORD000099,DSH000035,麻辣拌面,1,18.00,18.00
ITM000190,ORD000100,DSH000022,蒜香西兰花,2,7.00,14.00
ITM000191,ORD000100,DSH000024,酱香卤蛋,1,3.00,3.00
ITM000192,ORD000100,DSH000017,土豆烧牛腩饭,1,25.00,25.00
ITM000193,ORD000101,DSH000033,红烧牛腩面,1,24.00,24.00
ITM000194,ORD000102,DSH000018,宫保鸡丁饭,1,19.00,19.00
ITM000195,ORD000102,DSH000022,蒜香西兰花,1,7.00,7.00
ITM000196,ORD000103,DSH000006,凉拌黄瓜,1,8.00,8.00
ITM000197,ORD000103,DSH000002,香煎鸡肉能量碗,1,24.00,24.00
ITM000198,ORD000104,DSH000025,照烧鸡胸轻食碗,1,26.00,26.00
ITM000199,ORD000104,DSH000032,燕麦能量棒,1,8.00,8.00
ITM000200,ORD000105,DSH000002,香煎鸡肉能量碗,1,24.00,24.00
ITM000201,ORD000105,DSH000001,招牌番茄牛肉饭,1,22.00,22.00
ITM000202,ORD000106,DSH000030,烤时蔬拼盘,1,11.00,11.00
ITM000203,ORD000107,DSH000009,菌菇鸡腿饭,1,21.00,21.00
ITM000204,ORD000107,DSH000010,黑椒鸡排饭,1,23.00,23.00
ITM000205,ORD000108,DSH000035,麻辣拌面,1,18.00,18.00
ITM000206,ORD000108,DSH000040,葱油花卷,1,4.00,4.00
ITM000207,ORD000109,DSH000014,桂花米糕,1,6.00,6.00
ITM000208,ORD000109,DSH000009,菌菇鸡腿饭,1,21.00,21.00
ITM000209,ORD000109,DSH000010,黑椒鸡排饭,1,23.00,23.00
ITM000210,ORD000110,DSH000033,红烧牛腩面,1,24.00,24.00
ITM000211,ORD000110,DSH000038,煎蛋,1,3.00,3.00
ITM000212,ORD000111,DSH000019,南瓜杂粮饭,2,15.00,30.00
ITM000213,ORD000112,DSH000007,清爽柠檬茶,1,7.00,7.00
ITM000214,ORD000112,DSH000008,脆皮鸡块,1,13.00,13.00
ITM000215,ORD000113,DSH000017,土豆烧牛腩饭,1,25.00,25.00
ITM000216,ORD000113,DSH000018,宫保鸡丁饭,1,19.00,19.00
ITM000217,ORD000114,DSH000003,青椒肉丝盖饭,1,18.00,18.00
ITM000218,ORD000114,DSH000006,凉拌黄瓜,1,8.00,8.00
ITM000219,ORD000115,DSH000031,无糖茉莉茶,1,6.00,6.00
ITM000220,ORD000115,DSH000026,金枪鱼全麦三明治,1,20.00,20.00
ITM000221,ORD000116,DSH000009,菌菇鸡腿饭,1,21.00,21.00
ITM000222,ORD000117,DSH000027,南瓜藜麦沙拉,1,18.00,18.00
ITM000223,ORD000117,DSH000025,照烧鸡胸轻食碗,1,26.00,26.00
ITM000224,ORD000118,DSH000015,乌梅饮,1,7.00,7.00
ITM000225,ORD000118,DSH000014,桂花米糕,1,6.00,6.00
ITM000226,ORD000118,DSH000011,麻酱拌面,1,17.00,17.00
ITM000227,ORD000119,DSH000033,红烧牛腩面,1,24.00,24.00
ITM000228,ORD000119,DSH000034,番茄鸡蛋面,1,16.00,16.00
ITM000229,ORD000120,DSH000019,南瓜杂粮饭,1,15.00,15.00
ITM000230,ORD000120,DSH000024,酱香卤蛋,1,3.00,3.00
ITM000231,ORD000121,DSH000039,冰柠檬水,1,6.00,6.00
ITM000232,ORD000122,DSH000017,土豆烧牛腩饭,2,25.00,50.00
ITM000233,ORD000122,DSH000022,蒜香西兰花,1,7.00,7.00
ITM000234,ORD000123,DSH000003,青椒肉丝盖饭,1,18.00,18.00
ITM000235,ORD000123,DSH000002,香煎鸡肉能量碗,1,24.00,24.00
ITM000236,ORD000124,DSH000032,燕麦能量棒,1,8.00,8.00
ITM000237,ORD000124,DSH000025,照烧鸡胸轻食碗,1,26.00,26.00
ITM000238,ORD000125,DSH000001,招牌番茄牛肉饭,1,22.00,22.00
ITM000239,ORD000125,DSH000002,香煎鸡肉能量碗,1,24.00,24.00
ITM000240,ORD000126,DSH000027,南瓜藜麦沙拉,1,18.00,18.00
ITM000241,ORD000127,DSH000016,香葱肉饼,1,10.00,10.00
ITM000242,ORD000127,DSH000010,黑椒鸡排饭,1,23.00,23.00
ITM000243,ORD000127,DSH000012,鲜虾蔬菜卷,1,19.00,19.00
ITM000244,ORD000128,DSH000034,番茄鸡蛋面,1,16.00,16.00
ITM000245,ORD000128,DSH000040,葱油花卷,1,4.00,4.00
ITM000246,ORD000129,DSH000011,麻酱拌面,1,17.00,17.00
ITM000247,ORD000129,DSH000009,菌菇鸡腿饭,1,21.00,21.00
ITM000248,ORD000130,DSH000040,葱油花卷,1,4.00,4.00
ITM000249,ORD000130,DSH000038,煎蛋,1,3.00,3.00
ITM000250,ORD000131,DSH000018,宫保鸡丁饭,1,19.00,19.00
ITM000251,ORD000132,DSH000004,菌菇豆腐饭,1,16.00,16.00
ITM000252,ORD000132,DSH000008,脆皮鸡块,1,13.00,13.00
ITM000253,ORD000133,DSH000024,酱香卤蛋,2,3.00,6.00
ITM000254,ORD000133,DSH000017,土豆烧牛腩饭,1,25.00,25.00
ITM000255,ORD000134,DSH000002,香煎鸡肉能量碗,1,24.00,24.00
ITM000256,ORD000134,DSH000006,凉拌黄瓜,1,8.00,8.00
ITM000257,ORD000135,DSH000028,鲜果酸奶杯,1,12.00,12.00
ITM000258,ORD000135,DSH000026,金枪鱼全麦三明治,1,20.00,20.00
ITM000259,ORD000136,DSH000009,菌菇鸡腿饭,1,21.00,21.00
ITM000260,ORD000136,DSH000013,鲜蔬豆腐汤,1,8.00,8.00
ITM000261,ORD000137,DSH000026,金枪鱼全麦三明治,1,20.00,20.00
ITM000262,ORD000137,DSH000025,照烧鸡胸轻食碗,1,26.00,26.00
ITM000263,ORD000138,DSH000012,鲜虾蔬菜卷,1,19.00,19.00
ITM000264,ORD000138,DSH000014,桂花米糕,1,6.00,6.00
ITM000265,ORD000139,DSH000033,红烧牛腩面,1,24.00,24.00
ITM000266,ORD000139,DSH000034,番茄鸡蛋面,1,16.00,16.00
ITM000267,ORD000140,DSH000018,宫保鸡丁饭,1,19.00,19.00
ITM000268,ORD000140,DSH000024,酱香卤蛋,1,3.00,3.00
ITM000269,ORD000141,DSH000036,香菇鸡丝粥,1,13.00,13.00
ITM000270,ORD000142,DSH000017,土豆烧牛腩饭,1,25.00,25.00
ITM000271,ORD000142,DSH000022,蒜香西兰花,1,7.00,7.00
ITM000272,ORD000143,DSH000002,香煎鸡肉能量碗,1,24.00,24.00
ITM000273,ORD000143,DSH000003,青椒肉丝盖饭,1,18.00,18.00
ITM000274,ORD000144,DSH000029,玉米浓汤,2,9.00,18.00
ITM000275,ORD000144,DSH000032,燕麦能量棒,1,8.00,8.00
ITM000276,ORD000145,DSH000001,招牌番茄牛肉饭,1,22.00,22.00
ITM000277,ORD000145,DSH000002,香煎鸡肉能量碗,1,24.00,24.00
ITM000278,ORD000145,DSH000006,凉拌黄瓜,1,8.00,8.00
ITM000279,ORD000146,DSH000026,金枪鱼全麦三明治,1,20.00,20.00
ITM000280,ORD000147,DSH000013,鲜蔬豆腐汤,1,8.00,8.00
ITM000281,ORD000147,DSH000010,黑椒鸡排饭,1,23.00,23.00
ITM000282,ORD000148,DSH000033,红烧牛腩面,1,24.00,24.00
ITM000283,ORD000148,DSH000040,葱油花卷,1,4.00,4.00
ITM000284,ORD000149,DSH000010,黑椒鸡排饭,1,23.00,23.00
ITM000285,ORD000149,DSH000009,菌菇鸡腿饭,1,21.00,21.00
ITM000286,ORD000150,DSH000037,海带豆腐汤,1,7.00,7.00
ITM000287,ORD000150,DSH000038,煎蛋,1,3.00,3.00
ITM000288,ORD000151,DSH000017,土豆烧牛腩饭,1,25.00,25.00
ITM000289,ORD000152,DSH000002,香煎鸡肉能量碗,1,24.00,24.00
ITM000290,ORD000152,DSH000008,脆皮鸡块,1,13.00,13.00
ITM000291,ORD000153,DSH000021,冬瓜丸子汤,1,9.00,9.00
ITM000292,ORD000153,DSH000017,土豆烧牛腩饭,1,25.00,25.00
ITM000293,ORD000154,DSH000001,招牌番茄牛肉饭,1,22.00,22.00
ITM000294,ORD000154,DSH000006,凉拌黄瓜,1,8.00,8.00
ITM000295,ORD000154,DSH000007,清爽柠檬茶,1,7.00,7.00
ITM000296,ORD000155,DSH000026,金枪鱼全麦三明治,2,20.00,40.00
ITM000297,ORD000155,DSH000027,南瓜藜麦沙拉,1,18.00,18.00
ITM000298,ORD000156,DSH000014,桂花米糕,1,6.00,6.00
ITM000299,ORD000157,DSH000025,照烧鸡胸轻食碗,1,26.00,26.00
ITM000300,ORD000157,DSH000026,金枪鱼全麦三明治,1,20.00,20.00
ITM000301,ORD000158,DSH000010,黑椒鸡排饭,1,23.00,23.00
ITM000302,ORD000158,DSH000014,桂花米糕,1,6.00,6.00
ITM000303,ORD000159,DSH000038,煎蛋,1,3.00,3.00
ITM000304,ORD000159,DSH000034,番茄鸡蛋面,1,16.00,16.00
ITM000305,ORD000160,DSH000017,土豆烧牛腩饭,1,25.00,25.00
ITM000306,ORD000160,DSH000024,酱香卤蛋,1,3.00,3.00
ITM000307,ORD000161,DSH000034,番茄鸡蛋面,1,16.00,16.00
ITM000308,ORD000162,DSH000022,蒜香西兰花,1,7.00,7.00
ITM000309,ORD000162,DSH000023,红豆豆乳,1,9.00,9.00
ITM000310,ORD000163,DSH000001,招牌番茄牛肉饭,1,22.00,22.00
ITM000311,ORD000163,DSH000002,香煎鸡肉能量碗,1,24.00,24.00
ITM000312,ORD000163,DSH000008,脆皮鸡块,1,13.00,13.00
ITM000313,ORD000164,DSH000027,南瓜藜麦沙拉,1,18.00,18.00
ITM000314,ORD000164,DSH000032,燕麦能量棒,1,8.00,8.00
ITM000315,ORD000165,DSH000006,凉拌黄瓜,1,8.00,8.00
ITM000316,ORD000165,DSH000001,招牌番茄牛肉饭,1,22.00,22.00
ITM000317,ORD000166,DSH000025,照烧鸡胸轻食碗,2,26.00,52.00
ITM000318,ORD000167,DSH000011,麻酱拌面,1,17.00,17.00
ITM000319,ORD000167,DSH000010,黑椒鸡排饭,1,23.00,23.00
ITM000320,ORD000168,DSH000039,冰柠檬水,1,6.00,6.00
ITM000321,ORD000168,DSH000040,葱油花卷,1,4.00,4.00
ITM000322,ORD000169,DSH000009,菌菇鸡腿饭,1,21.00,21.00
ITM000323,ORD000169,DSH000010,黑椒鸡排饭,1,23.00,23.00
ITM000324,ORD000170,DSH000035,麻辣拌面,1,18.00,18.00
ITM000325,ORD000170,DSH000038,煎蛋,1,3.00,3.00
ITM000326,ORD000171,DSH000023,红豆豆乳,1,9.00,9.00
ITM000327,ORD000172,DSH000001,招牌番茄牛肉饭,1,22.00,22.00
ITM000328,ORD000172,DSH000008,脆皮鸡块,1,13.00,13.00
ITM000329,ORD000172,DSH000002,香煎鸡肉能量碗,1,24.00,24.00
ITM000330,ORD000173,DSH000019,南瓜杂粮饭,1,15.00,15.00
ITM000331,ORD000173,DSH000017,土豆烧牛腩饭,1,25.00,25.00
ITM000332,ORD000174,DSH000007,清爽柠檬茶,1,7.00,7.00
ITM000333,ORD000174,DSH000006,凉拌黄瓜,1,8.00,8.00
ITM000334,ORD000175,DSH000025,照烧鸡胸轻食碗,1,26.00,26.00
ITM000335,ORD000175,DSH000026,金枪鱼全麦三明治,1,20.00,20.00
ITM000336,ORD000176,DSH000011,麻酱拌面,1,17.00,17.00
ITM000337,ORD000177,DSH000031,无糖茉莉茶,2,6.00,12.00
ITM000338,ORD000177,DSH000025,照烧鸡胸轻食碗,1,26.00,26.00
ITM000339,ORD000178,DSH000009,菌菇鸡腿饭,1,21.00,21.00
ITM000340,ORD000178,DSH000014,桂花米糕,1,6.00,6.00
ITM000341,ORD000179,DSH000035,麻辣拌面,1,18.00,18.00
ITM000342,ORD000179,DSH000034,番茄鸡蛋面,1,16.00,16.00
ITM000343,ORD000180,DSH000024,酱香卤蛋,1,3.00,3.00
ITM000344,ORD000180,DSH000017,土豆烧牛腩饭,1,25.00,25.00
