order_id,student_id,merchant_id,order_time,order_status,total_amount,status_updated_at
ORD000001,USR000014,USR000005,2026-08-07 11:05:00,CANCELLED,51.00,2026-08-07 11:09:00
ORD000002,USR000007,USR000003,2026-08-07 11:45:07,COMPLETED,22.00,2026-08-07 12:28:07
ORD000003,USR000012,USR000001,2026-08-07 12:25:14,COMPLETED,31.00,2026-08-07 13:09:14
ORD000004,USR000017,USR000004,2026-08-07 17:35:21,COMPLETED,34.00,2026-08-07 18:20:21
ORD000005,USR000009,USR000001,2026-08-08 11:05:28,COMPLETED,40.00,2026-08-08 11:51:28
ORD000006,USR000014,USR000004,2026-08-08 11:45:35,COMPLETED,6.00,2026-08-08 12:32:35
ORD000007,USR000007,USR000002,2026-08-08 12:25:42,COMPLETED,44.00,2026-08-08 13:13:42
ORD000008,USR000012,USR000005,2026-08-08 17:35:49,COMPLETED,22.00,2026-08-08 18:24:49
ORD000009,USR000016,USR000002,2026-08-09 11:05:56,COMPLETED,28.00,2026-08-09 11:55:56
ORD000010,USR000009,USR000005,2026-08-09 11:45:03,COMPLETED,33.00,2026-08-09 12:36:03
ORD000011,USR000014,USR000003,2026-08-09 12:25:10,COMPLETED,15.00,2026-08-09 13:17:10
ORD000012,USR000007,USR000001,2026-08-09 17:35:17,COMPLETED,48.00,2026-08-09 18:28:17
ORD000013,USR000011,USR000003,2026-08-10 11:05:24,COMPLETED,44.00,2026-08-10 11:59:24
ORD000014,USR000016,USR000001,2026-08-10 11:45:31,COMPLETED,26.00,2026-08-10 12:40:31
ORD000015,USR000009,USR000004,2026-08-10 12:25:38,CANCELLED,28.00,2026-08-10 12:35:38
ORD000016,USR000014,USR000002,2026-08-10 17:35:45,COMPLETED,23.00,2026-08-10 18:32:45
ORD000017,USR000006,USR000004,2026-08-11 11:05:52,COMPLETED,44.00,2026-08-11 12:03:52
ORD000018,USR000011,USR000002,2026-08-11 11:45:59,COMPLETED,16.00,2026-08-11 12:44:59
ORD000019,USR000016,USR000005,2026-08-11 12:25:06,COMPLETED,38.00,2026-08-11 13:25:06
ORD000020,USR000009,USR000003,2026-08-11 17:35:13,COMPLETED,17.00,2026-08-11 18:17:13
ORD000021,USR000013,USR000005,2026-08-12 11:05:20,COMPLETED,4.00,2026-08-12 11:48:20
ORD000022,USR000006,USR000003,2026-08-12 11:45:27,COMPLETED,26.00,2026-08-12 12:29:27
ORD000023,USR000011,USR000001,2026-08-12 12:25:34,COMPLETED,56.00,2026-08-12 13:10:34
ORD000024,USR000016,USR000004,2026-08-12 17:35:41,COMPLETED,34.00,2026-08-12 18:21:41
ORD000025,USR000008,USR000001,2026-08-13 11:05:48,COMPLETED,46.00,2026-08-13 11:52:48
ORD000026,USR000013,USR000004,2026-08-13 11:45:55,COMPLETED,12.00,2026-08-13 12:33:55
ORD000027,USR000006,USR000002,2026-08-13 12:25:02,COMPLETED,44.00,2026-08-13 13:14:02
ORD000028,USR000011,USR000005,2026-08-13 17:35:09,COMPLETED,44.00,2026-08-13 18:25:09
ORD000029,USR000015,USR000002,2026-08-14 11:05:16,CANCELLED,40.00,2026-08-14 11:13:16
ORD000030,USR000008,USR000005,2026-08-14 11:45:23,COMPLETED,27.00,2026-08-14 12:37:23
ORD000031,USR000013,USR000003,2026-08-14 12:25:30,COMPLETED,19.00,2026-08-14 13:18:30
ORD000032,USR000006,USR000001,2026-08-14 17:35:37,COMPLETED,18.00,2026-08-14 18:29:37
ORD000033,USR000010,USR000003,2026-08-15 11:05:44,COMPLETED,44.00,2026-08-15 12:00:44
ORD000034,USR000015,USR000001,2026-08-15 11:45:51,COMPLETED,56.00,2026-08-15 12:41:51
ORD000035,USR000008,USR000004,2026-08-15 12:25:58,COMPLETED,29.00,2026-08-15 13:22:58
ORD000036,USR000013,USR000002,2026-08-15 17:35:05,COMPLETED,21.00,2026-08-15 18:33:05
ORD000037,USR000017,USR000004,2026-08-16 11:05:12,COMPLETED,64.00,2026-08-16 12:04:12
ORD000038,USR000010,USR000002,2026-08-16 11:45:19,COMPLETED,14.00,2026-08-16 12:45:19
ORD000039,USR000015,USR000005,2026-08-16 12:25:26,COMPLETED,40.00,2026-08-16 13:07:26
ORD000040,USR000008,USR000003,2026-08-16 17:35:33,COMPLETED,22.00,2026-08-16 18:18:33
ORD000041,USR000012,USR000005,2026-08-17 11:05:40,COMPLETED,7.00,2026-08-17 11:49:40
ORD000042,USR000017,USR000003,2026-08-17 11:45:47,COMPLETED,32.00,2026-08-17 12:30:47
ORD000043,USR000010,USR000001,2026-08-17 12:25:54,CANCELLED,42.00,2026-08-17 12:31:54
ORD000044,USR000015,USR000004,2026-08-17 17:35:01,COMPLETED,19.00,2026-08-17 18:22:01
ORD000045,USR000007,USR000001,2026-08-18 11:05:08,COMPLETED,68.00,2026-08-18 11:53:08
ORD000046,USR000012,USR000004,2026-08-18 11:45:15,COMPLETED,38.00,2026-08-18 12:34:15
ORD000047,USR000017,USR000002,2026-08-18 12:25:22,COMPLETED,29.00,2026-08-18 13:15:22
ORD000048,USR000010,USR000005,2026-08-18 17:35:29,COMPLETED,28.00,2026-08-18 18:26:29
ORD000049,USR000014,USR000002,2026-08-19 11:05:36,COMPLETED,44.00,2026-08-19 11:57:36
ORD000050,USR000007,USR000005,2026-08-19 11:45:43,COMPLETED,9.00,2026-08-19 12:38:43
ORD000051,USR000012,USR000003,2026-08-19 12:25:50,COMPLETED,25.00,2026-08-19 13:19:50
ORD000052,USR000017,USR000001,2026-08-19 17:35:57,COMPLETED,31.00,2026-08-19 18:30:57
ORD000053,USR000009,USR000003,2026-08-20 11:05:04,COMPLETED,32.00,2026-08-20 12:01:04
ORD000054,USR000014,USR000001,2026-08-20 11:45:11,COMPLETED,30.00,2026-08-20 12:42:11
ORD000055,USR000007,USR000004,2026-08-20 12:25:18,COMPLETED,50.00,2026-08-20 13:23:18
ORD000056,USR000012,USR000002,2026-08-20 17:35:25,COMPLETED,14.00,2026-08-20 18:34:25
ORD000057,USR000016,USR000004,2026-08-21 11:05:32,CANCELLED,46.00,2026-08-21 11:09:32
ORD000058,USR000009,USR000002,2026-08-21 11:45:39,COMPLETED,23.00,2026-08-21 12:27:39
ORD000059,USR000014,USR000005,2026-08-21 12:25:46,COMPLETED,22.00,2026-08-21 13:08:46
ORD000060,USR000007,USR000003,2026-08-21 17:35:53,COMPLETED,28.00,2026-08-21 18:19:53
ORD000061,USR000011,USR000005,2026-08-22 11:05:00,COMPLETED,18.00,2026-08-22 11:50:00
ORD000062,USR000016,USR000003,2026-08-22 11:45:07,COMPLETED,16.00,2026-08-22 12:31:07
ORD000063,USR000009,USR000001,2026-08-22 12:25:14,COMPLETED,46.00,2026-08-22 13:12:14
ORD000064,USR000014,USR000004,2026-08-22 17:35:21,COMPLETED,35.00,2026-08-22 18:23:21
ORD000065,USR000006,USR000001,2026-08-23 11:05:28,COMPLETED,29.00,2026-08-23 11:54:28
ORD000066,USR000011,USR000004,2026-08-23 11:45:35,COMPLETED,26.00,2026-08-23 12:35:35
ORD000067,USR000016,USR000002,2026-08-23 12:25:42,COMPLETED,57.00,2026-08-23 13:16:42
ORD000068,USR000009,USR000005,2026-08-23 17:35:49,COMPLETED,28.00,2026-08-23 18:27:49
ORD000069,USR000013,USR000002,2026-08-24 11:05:56,COMPLETED,44.00,2026-08-24 11:58:56
ORD000070,USR000006,USR000005,2026-08-24 11:45:03,COMPLETED,21.00,2026-08-24 12:39:03
ORD000071,USR000011,USR000003,2026-08-24 12:25:10,CANCELLED,3.00,2026-08-24 12:35:10
ORD000072,USR000016,USR000001,2026-08-24 17:35:17,COMPLETED,37.00,2026-08-24 18:31:17
ORD000073,USR000008,USR000003,2026-08-25 11:05:24,COMPLETED,47.00,2026-08-25 12:02:24
ORD000074,USR000013,USR000001,2026-08-25 11:45:31,COMPLETED,21.00,2026-08-25 12:43:31
ORD000075,USR000006,USR000004,2026-08-25 12:25:38,COMPLETED,38.00,2026-08-25 13:24:38
ORD000076,USR000011,USR000002,2026-08-25 17:35:45,COMPLETED,19.00,2026-08-25 18:35:45
ORD000077,USR000015,USR000004,2026-08-26 11:05:52,COMPLETED,34.00,2026-08-26 11:47:52
ORD000078,USR000008,USR000002,2026-08-26 11:45:59,COMPLETED,52.00,2026-08-26 12:28:59
ORD000079,USR000013,USR000005,2026-08-26 12:25:06,COMPLETED,29.00,2026-08-26 13:09:06
ORD000080,USR000006,USR000003,2026-08-26 17:35:13,COMPLETED,28.00,2026-08-26 18:20:13
ORD000081,USR000010,USR000005,2026-08-27 11:05:20,COMPLETED,16.00,2026-08-27 11:51:20
ORD000082,USR000015,USR000003,2026-08-27 11:45:27,COMPLETED,30.00,2026-08-27 12:32:27
ORD000083,USR000008,USR000001,2026-08-27 12:25:34,COMPLETED,46.00,2026-08-27 13:13:34
ORD000084,USR000013,USR000004,2026-08-27 17:35:41,COMPLETED,28.00,2026-08-27 18:24:41
ORD000085,USR000017,USR000001,2026-08-28 11:05:48,CANCELLED,38.00,2026-08-28 11:13:48
ORD000086,USR000010,USR000004,2026-08-28 11:45:55,COMPLETED,26.00,2026-08-28 12:36:55
ORD000087,USR000015,USR000002,2026-08-28 12:25:02,COMPLETED,40.00,2026-08-28 13:17:02
ORD000088,USR000008,USR000005,2026-08-28 17:35:09,COMPLETED,11.00,2026-08-28 18:28:09
ORD000089,USR000012,USR000002,2026-08-29 11:05:16,COMPLETED,65.00,2026-08-29 11:59:16
ORD000090,USR000017,USR000005,2026-08-29 11:45:23,COMPLETED,19.00,2026-08-29 12:40:23
ORD000091,USR000010,USR000003,2026-08-29 12:25:30,COMPLETED,12.00,2026-08-29 13:21:30
ORD000092,USR000015,USR000001,2026-08-29 17:35:37,COMPLETED,35.00,2026-08-29 18:32:37
ORD000093,USR000007,USR000003,2026-08-30 11:05:44,COMPLETED,44.00,2026-08-30 12:03:44
ORD000094,USR000012,USR000001,2026-08-30 11:45:51,COMPLETED,13.00,2026-08-30 12:44:51
ORD000095,USR000017,USR000004,2026-08-30 12:25:58,COMPLETED,46.00,2026-08-30 13:25:58
ORD000096,USR000010,USR000002,2026-08-30 17:35:05,COMPLETED,23.00,2026-08-30 18:17:05
ORD000097,USR000014,USR000004,2026-08-31 11:05:12,COMPLETED,35.00,2026-08-31 11:48:12
ORD000098,USR000007,USR000002,2026-08-31 11:45:19,COMPLETED,27.00,2026-08-31 12:29:19
ORD000099,USR000012,USR000005,2026-08-31 12:25:26,CANCELLED,34.00,2026-08-31 12:31:26
ORD000100,USR000017,USR000003,2026-08-31 17:35:33,COMPLETED,42.00,2026-08-31 18:21:33
ORD000101,USR000009,USR000005,2026-09-01 11:05:40,COMPLETED,24.00,2026-09-01 11:52:40
ORD000102,USR000014,USR000003,2026-09-01 11:45:47,COMPLETED,26.00,2026-09-01 12:33:47
ORD000103,USR000007,USR000001,2026-09-01 12:25:54,COMPLETED,32.00,2026-09-01 13:14:54
ORD000104,USR000012,USR000004,2026-09-01 17:35:01,COMPLETED,34.00,2026-09-01 18:25:01
ORD000105,USR000016,USR000001,2026-09-02 11:05:08,COMPLETED,46.00,2026-09-02 11:56:08
ORD000106,USR000009,USR000004,2026-09-02 11:45:15,COMPLETED,11.00,2026-09-02 12:37:15
ORD000107,USR000014,USR000002,2026-09-02 12:25:22,COMPLETED,44.00,2026-09-02 13:18:22
ORD000108,USR000007,USR000005,2026-09-02 17:35:29,COMPLETED,22.00,2026-09-02 18:29:29
ORD000109,USR000011,USR000002,2026-09-03 11:05:36,COMPLETED,50.00,2026-09-03 12:00:36
ORD000110,USR000016,USR000005,2026-09-03 11:45:43,COMPLETED,27.00,2026-09-03 12:41:43
ORD000111,USR000009,USR000003,2026-09-03 12:25:50,COMPLETED,30.00,2026-09-03 13:22:50
ORD000112,USR000014,USR000001,2026-09-03 17:35:57,COMPLETED,20.00,2026-09-03 18:33:57
ORD000113,USR000006,USR000003,2026-09-04 11:05:04,CANCELLED,44.00,2026-09-04 11:09:04
ORD000114,USR000011,USR000001,2026-09-04 11:45:11,COMPLETED,26.00,2026-09-04 12:45:11
ORD000115,USR000016,USR000004,2026-09-04 12:25:18,COMPLETED,26.00,2026-09-04 13:07:18
ORD000116,USR000009,USR000002,2026-09-04 17:35:25,COMPLETED,21.00,2026-09-04 18:18:25
ORD000117,USR000013,USR000004,2026-09-05 11:05:32,COMPLETED,44.00,2026-09-05 11:49:32
ORD000118,USR000006,USR000002,2026-09-05 11:45:39,COMPLETED,30.00,2026-09-05 12:30:39
ORD000119,USR000011,USR000005,2026-09-05 12:25:46,COMPLETED,40.00,2026-09-05 13:11:46
ORD000120,USR000016,USR000003,2026-09-05 17:35:53,COMPLETED,18.00,2026-09-05 18:22:53
ORD000121,USR000008,USR000005,2026-09-06 11:05:00,COMPLETED,6.00,2026-09-06 11:53:00
ORD000122,USR000013,USR000003,2026-09-06 11:45:07,COMPLETED,57.00,2026-09-06 12:34:07
ORD000123,USR000006,USR000001,2026-09-06 12:25:14,COMPLETED,42.00,2026-09-06 13:15:14
ORD000124,USR000011,USR000004,2026-09-06 17:35:21,COMPLETED,34.00,2026-09-06 18:26:21
ORD000125,USR000015,USR000001,2026-09-07 11:05:28,COMPLETED,46.00,2026-09-07 11:57:28
ORD000126,USR000008,USR000004,2026-09-07 11:45:35,COMPLETED,18.00,2026-09-07 12:38:35
ORD000127,USR000013,USR000002,2026-09-07 12:25:42,CANCELLED,52.00,2026-09-07 12:35:42
ORD000128,USR000006,USR000005,2026-09-07 17:35:49,COMPLETED,20.00,2026-09-07 18:30:49
ORD000129,USR000010,USR000002,2026-09-08 11:05:56,COMPLETED,38.00,2026-09-08 12:01:56
ORD000130,USR000015,USR000005,2026-09-08 11:45:03,COMPLETED,7.00,2026-09-08 12:42:03
ORD000131,USR000008,USR000003,2026-09-08 12:25:10,COMPLETED,19.00,2026-09-08 13:23:10
ORD000132,USR000013,USR000001,2026-09-08 17:35:17,COMPLETED,29.00,2026-09-08 18:34:17
ORD000133,USR000017,USR000003,2026-09-09 11:05:24,COMPLETED,31.00,2026-09-09 12:05:24
ORD000134,USR000010,USR000001,2026-09-09 11:45:31,COMPLETED,32.00,2026-09-09 12:27:31
ORD000135,USR000015,USR000004,2026-09-09 12:25:38,COMPLETED,32.00,2026-09-09 13:08:38
ORD000136,USR000008,USR000002,2026-09-09 17:35:45,COMPLETED,29.00,2026-09-09 18:19:45
ORD000137,USR000012,USR000004,2026-09-10 11:05:52,COMPLETED,46.00,2026-09-10 11:50:52
ORD000138,USR000017,USR000002,2026-09-10 11:45:59,COMPLETED,25.00,2026-09-10 12:31:59
ORD000139,USR000010,USR000005,2026-09-10 12:25:06,COMPLETED,40.00,2026-09-10 13:12:06
ORD000140,USR000015,USR000003,2026-09-10 17:35:13,COMPLETED,22.00,2026-09-10 18:23:13
ORD000141,USR000007,USR000005,2026-09-11 11:05:20,CANCELLED,13.00,2026-09-11 11:13:20
ORD000142,USR000012,USR000003,2026-09-11 11:45:27,COMPLETED,32.00,2026-09-11 12:35:27
ORD000143,USR000017,USR000001,2026-09-11 12:25:34,COMPLETED,42.00,2026-09-11 13:16:34
ORD000144,USR000010,USR000004,2026-09-11 17:35:41,COMPLETED,26.00,2026-09-11 18:27:41
ORD000145,USR000014,USR000001,2026-09-12 11:05:48,COMPLETED,54.00,2026-09-12 11:58:48
ORD000146,USR000007,USR000004,2026-09-12 11:45:55,COMPLETED,20.00,2026-09-12 12:39:55
ORD000147,USR000012,USR000002,2026-09-12 12:25:02,COMPLETED,31.00,2026-09-12 13:20:02
ORD000148,USR000017,USR000005,2026-09-12 17:35:09,COMPLETED,28.00,2026-09-12 18:31:09
ORD000149,USR000009,USR000002,2026-09-13 11:05:16,COMPLETED,44.00,2026-09-13 12:02:16
ORD000150,USR000014,USR000005,2026-09-13 11:45:23,COMPLETED,10.00,2026-09-13 12:43:23
ORD000151,USR000007,USR000003,2026-09-13 12:25:30,COMPLETED,25.00,2026-09-13 13:24:30
ORD000152,USR000012,USR000001,2026-09-13 17:35:37,COMPLETED,37.00,2026-09-13 18:35:37
ORD000153,USR000016,USR000003,2026-09-14 11:05:44,COMPLETED,34.00,2026-09-14 11:47:44
ORD000154,USR000009,USR000001,2026-09-14 11:45:51,COMPLETED,37.00,2026-09-14 12:28:51
ORD000155,USR000014,USR000004,2026-09-14 12:25:58,CANCELLED,58.00,2026-09-14 12:31:58
ORD000156,USR000007,USR000002,2026-09-14 17:35:05,COMPLETED,6.00,2026-09-14 18:20:05
ORD000157,USR000011,USR000004,2026-09-15 11:05:12,COMPLETED,46.00,2026-09-15 11:51:12
ORD000158,USR000016,USR000002,2026-09-15 11:45:19,COMPLETED,29.00,2026-09-15 12:32:19
ORD000159,USR000009,USR000005,2026-09-15 12:25:26,COMPLETED,19.00,2026-09-15 13:13:26
ORD000160,USR000014,USR000003,2026-09-15 17:35:33,COMPLETED,28.00,2026-09-15 18:24:33
ORD000161,USR000006,USR000005,2026-09-16 11:05:40,COMPLETED,16.00,2026-09-16 11:55:40
ORD000162,USR000011,USR000003,2026-09-16 11:45:47,COMPLETED,16.00,2026-09-16 12:36:47
ORD000163,USR000016,USR000001,2026-09-16 12:25:54,COMPLETED,59.00,2026-09-16 13:17:54
ORD000164,USR000009,USR000004,2026-09-16 17:35:01,COMPLETED,26.00,2026-09-16 18:28:01
ORD000165,USR000013,USR000001,2026-09-17 11:05:08,COMPLETED,30.00,2026-09-17 11:59:08
ORD000166,USR000006,USR000004,2026-09-17 11:45:15,COMPLETED,52.00,2026-09-17 12:40:15
ORD000167,USR000011,USR000002,2026-09-17 12:25:22,COMPLETED,40.00,2026-09-17 13:21:22
ORD000168,USR000016,USR000005,2026-09-17 17:35:29,COMPLETED,10.00,2026-09-17 18:32:29
ORD000169,USR000008,USR000002,2026-09-18 11:05:36,CANCELLED,44.00,2026-09-18 11:09:36
ORD000170,USR000013,USR000005,2026-09-18 11:45:43,COMPLETED,21.00,2026-09-18 12:44:43
ORD000171,USR000006,USR000003,2026-09-18 12:25:50,COMPLETED,9.00,2026-09-18 13:25:50
ORD000172,USR000011,USR000001,2026-09-18 17:35:57,COMPLETED,59.00,2026-09-18 18:17:57
ORD000173,USR000015,USR000003,2026-09-19 11:05:04,PLACED,40.00,2026-09-19 11:05:04
ORD000174,USR000008,USR000001,2026-09-19 11:45:11,PREPARING,15.00,2026-09-19 11:57:11
ORD000175,USR000013,USR000004,2026-09-19 12:25:18,COMPLETED,46.00,2026-09-19 13:10:18
ORD000176,USR000006,USR000002,2026-09-19 17:35:25,CANCELLED,17.00,2026-09-19 17:46:25
ORD000177,USR000010,USR000004,2026-09-20 11:05:32,PLACED,38.00,2026-09-20 11:05:32
ORD000178,USR000015,USR000002,2026-09-20 11:45:39,PREPARING,27.00,2026-09-20 11:57:39
ORD000179,USR000008,USR000005,2026-09-20 12:25:46,COMPLETED,34.00,2026-09-20 13:14:46
ORD000180,USR000013,USR000003,2026-09-20 17:35:53,CANCELLED,28.00,2026-09-20 17:42:53
