user_id,username,password_salt,password_hash,role,user_status,created_at
USR000001,demo_merchant,+VMrAgOKGWaa4A/ufq84nA==,9y9APFnBrQCh2AudlKKzvrfWIFlnasEA3kYBVxupqJs=,MERCHANT,ACTIVE,2026-01-10 08:30:00
USR000002,south_kitchen,0TkP8C0Ay66jbsOnaQUr4w==,nC3z1ZCzsUOS/RIlGaiyXry8tCVhhMZVg5IpSrDDn2Y=,MERCHANT,ACTIVE,2026-01-11 08:30:00
USR000003,grain_corner,AeX4ROuGUQkmAKtBcqi80w==,4TqJt9EP1i7xKDx4aFiW1tgMIHLMrhK9RWr8p6DQBYY=,MERCHANT,ACTIVE,2026-01-12 08:30:00
USR000004,light_bowl,GgQxOQ0YCqaKJhtQg8PUKw==,b+c89p2ZaWu16UBxgAKPLN6nWd3q8T/ZKdm3QrvMgng=,MERCHANT,ACTIVE,2026-01-13 08:30:00
USR000005,noodle_house,xvEnU2F6IrivyxzbbXghDA==,Tiyqb094qnRM7JBJjTfaAlQD8ZeFmcpM7iP6GAOpiCs=,MERCHANT,ACTIVE,2026-01-14 08:30:00
USR000006,demo_student,9AtWAU5nfbd9eC/rMvT0TQ==,2LZu66tdclZb5DDf5wqw1xJn2RHMRo+EjeFQOm3gD54=,STUDENT,ACTIVE,2026-02-01 09:00:00
USR000007,campus_visitor,2wNrQ0b5b6hpuX1uG4OnyQ==,aVSLT3w3sZavnJml72y3P7JKLygWYOML4VkaLb5XCHU=,STUDENT,ACTIVE,2026-02-02 09:00:00
USR000008,library_reader,02crqezsnHiBmOvGxr+Mmg==,zzRacSSQlhYWNWY0Hnw8AUwdt+wOOjrUJvp2I/RzWCk=,STUDENT,ACTIVE,2026-02-03 09:00:00
USR000009,lab_partner,z0t1oFsAr4xMt0j2AgVsCw==,2tchpiunoJqexG/0IWITo6r/UbxFs+nuN6S/YP4XleY=,STUDENT,ACTIVE,2026-02-04 09:00:00
USR000010,morning_runner,GZlbF6X+Xy9Ea9J6qXyW7w==,Hdzm2xcNUxha16jU+Dsm4qWz9GL57ef+lv7COBRawTQ=,STUDENT,ACTIVE,2026-02-05 09:00:00
USR000011,music_club,VW/iA9SAnfgBmjVQCqKl6w==,bL1WE4NilWHUjC8KqFnebXSSe96/o/CmmOLefRNRY4c=,STUDENT,ACTIVE,2026-02-06 09:00:00
USR000012,design_student,K4b+9z/LA8/KoAajFeYOdQ==,7SOy2hbQedllxlgkhMau5+dxla/1sev0sbFgtzxPm3E=,STUDENT,ACTIVE,2026-02-07 09:00:00
USR000013,coding_student,hfr2cT46JyAZ07TDgWuIvQ==,WY18n2RsRuSmoY2y8EeTGRvFd/AHxa9aKWiM2uGgFN0=,STUDENT,ACTIVE,2026-02-08 09:00:00
USR000014,sports_friend,UtlLvO3CXh2o1WSsgXeThg==,myGlh2xPOls2S2LwtoUwnEfmoU8CiNGmsf5m8Hfcv5c=,STUDENT,ACTIVE,2026-02-09 09:00:00
USR000015,green_campus,XXkQ3osqdhpxxIKiXXtapw==,MhpyXr2cjOqoMbAhxB79LH4VeDSSYF7Gf2CI/HdoUZM=,STUDENT,ACTIVE,2026-02-10 09:00:00
USR000016,night_reader,k5CvnOVOZEGOnWVvUxXcnQ==,B1MHdm0Ve6yO0RnlCzZQvWATyJMP7iCRRaIK9er872w=,STUDENT,ACTIVE,2026-02-11 09:00:00
USR000017,weekend_guest,AzwF/Y7ka+RunyhcZ99ysw==,KQNHspK21si7crKxmykxdMN8MbLYEyIlWE0nCXf2vNQ=,STUDENT,ACTIVE,2026-02-12 09:00:00
